Equipo 1,Equipo 2,Probabilidad Equipo 1,Probabilidad Equipo 2,Clasificado predicho
Portugal,España,0.36122156380713244,0.6387784361928677,España
Estados Unidos,Bélgica,0.6241425849204701,0.3758574150795299,Estados Unidos
Brasil,Noruega,0.7252998095845974,0.27470019041540233,Brasil
México,Inglaterra,0.6741411349049022,0.32585886509509787,México
Argentina,Egipto,0.7486041597594485,0.2513958402405512,Argentina
Suiza,Colombia,0.40633772562982007,0.5936622743701797,Colombia
